"CONTRACT SYMBOL","FTD","LTD","FND","LND","FDD","LDD","FSD","OPTIONS FTD","OPTIONS LTD"
"=""May20""","","","","","","","","05/30/2014","03/26/2020",
"=""Jun20""","","","","","","","","05/30/2014","04/27/2020",
"=""Jul20""","","","","","","","","05/30/2014","05/26/2020",
"=""Aug20""","","","","","","","","05/30/2014","06/25/2020",
"=""Sep20""","","","","","","","","05/30/2014","07/28/2020",
"=""Oct20""","","","","","","","","05/30/2014","08/25/2020",
"=""Nov20""","","","","","","","","05/30/2014","09/25/2020",
"=""Dec20""","","","","","","","","05/30/2014","10/27/2020",
"=""Jan21""","","","","","","","","05/30/2014","11/25/2020",
"=""Feb21""","","","","","","","","05/30/2014","12/23/2020",
"=""Mar21""","","","","","","","","05/30/2014","01/26/2021",
"=""Apr21""","","","","","","","","05/30/2014","02/23/2021",
"=""May21""","","","","","","","","05/30/2014","03/26/2021",
"=""Jun21""","","","","","","","","05/30/2014","04/27/2021",
"=""Jul21""","","","","","","","","05/30/2014","05/25/2021",
"=""Aug21""","","","","","","","","05/30/2014","06/25/2021",
"=""Sep21""","","","","","","","","05/30/2014","07/27/2021",
"=""Oct21""","","","","","","","","05/30/2014","08/25/2021",
"=""Nov21""","","","","","","","","05/30/2014","09/27/2021",
"=""Dec21""","","","","","","","","05/30/2014","10/26/2021",
"=""Jan22""","","","","","","","","02/09/2015","11/25/2021",
"=""Feb22""","","","","","","","","02/09/2015","12/23/2021",
"=""Mar22""","","","","","","","","02/09/2015","01/26/2022",
"=""Apr22""","","","","","","","","02/09/2015","02/23/2022",
"=""May22""","","","","","","","","02/09/2015","03/28/2022",
"=""Jun22""","","","","","","","","02/09/2015","04/26/2022",
"=""Jul22""","","","","","","","","02/09/2015","05/25/2022",
"=""Aug22""","","","","","","","","02/09/2015","06/27/2022",
"=""Sep22""","","","","","","","","02/09/2015","07/26/2022",
"=""Oct22""","","","","","","","","02/09/2015","08/25/2022",
"=""Nov22""","","","","","","","","02/09/2015","09/27/2022",
"=""Dec22""","","","","","","","","02/09/2015","10/26/2022",
"=""Jan23""","","","","","","","","11/23/2015","11/25/2022",
"=""Feb23""","","","","","","","","11/23/2015","12/22/2022",
"=""Mar23""","","","","","","","","11/23/2015","01/26/2023",
"=""Apr23""","","","","","","","","11/01/2016","02/23/2023",
"=""May23""","","","","","","","","11/01/2016","03/28/2023",
"=""Jun23""","","","","","","","","11/01/2016","04/25/2023",
"=""Jul23""","","","","","","","","11/01/2016","05/25/2023",
"=""Aug23""","","","","","","","","11/01/2016","06/27/2023",
"=""Sep23""","","","","","","","","11/01/2016","07/26/2023",
"=""Oct23""","","","","","","","","11/01/2016","08/25/2023",
"=""Nov23""","","","","","","","","11/01/2016","09/26/2023",
"=""Dec23""","","","","","","","","11/01/2016","10/26/2023",
"=""Jan24""","","","","","","","","11/01/2016","11/27/2023",
"=""Feb24""","","","","","","","","11/01/2016","12/21/2023",
"=""Mar24""","","","","","","","","11/01/2016","01/26/2024",
"=""Apr24""","","","","","","","","11/01/2017","02/26/2024",
"=""May24""","","","","","","","","11/01/2017","03/25/2024",
"=""Jun24""","","","","","","","","11/01/2017","04/25/2024",
"=""Jul24""","","","","","","","","11/01/2017","05/28/2024",
"=""Aug24""","","","","","","","","11/01/2017","06/25/2024",
"=""Sep24""","","","","","","","","11/01/2017","07/26/2024",
"=""Oct24""","","","","","","","","11/01/2017","08/27/2024",
"=""Nov24""","","","","","","","","11/01/2017","09/25/2024",
"=""Dec24""","","","","","","","","11/01/2017","10/28/2024",
"=""Jan25""","","","","","","","","11/01/2017","11/26/2024",
"=""Feb25""","","","","","","","","11/01/2017","12/23/2024",
"=""Mar25""","","","","","","","","11/01/2017","01/28/2025",
"=""Apr25""","","","","","","","","11/01/2018","02/25/2025",
"=""May25""","","","","","","","","11/01/2018","03/26/2025",
"=""Jun25""","","","","","","","","11/01/2018","04/25/2025",
"=""Jul25""","","","","","","","","11/01/2018","05/27/2025",
"=""Aug25""","","","","","","","","11/01/2018","06/25/2025",
"=""Sep25""","","","","","","","","11/01/2018","07/28/2025",
"=""Oct25""","","","","","","","","11/01/2018","08/26/2025",
"=""Nov25""","","","","","","","","11/01/2018","09/25/2025",
"=""Dec25""","","","","","","","","11/01/2018","10/28/2025",
"=""Jan26""","","","","","","","","11/01/2018","11/25/2025",
"=""Feb26""","","","","","","","","11/01/2018","12/23/2025",
"=""Mar26""","","","","","","","","11/01/2018","01/27/2026",
"=""Apr26""","","","","","","","","04/16/2019","02/24/2026",
"=""May26""","","","","","","","","04/16/2019","03/26/2026",
"=""Jun26""","","","","","","","","04/16/2019","04/27/2026",
"=""Jul26""","","","","","","","","04/16/2019","05/26/2026",
"=""Aug26""","","","","","","","","04/16/2019","06/25/2026",
"=""Sep26""","","","","","","","","04/16/2019","07/28/2026",
"=""Oct26""","","","","","","","","04/16/2019","08/25/2026",
"=""Nov26""","","","","","","","","04/16/2019","09/25/2026",
"=""Dec26""","","","","","","","","04/16/2019","10/27/2026",
"=""Jan27""","","","","","","","","04/16/2019","11/25/2026",
"=""Feb27""","","","","","","","","04/16/2019","12/23/2026",
"=""Mar27""","","","","","","","","04/16/2019","01/26/2027",
